id,activity,application,application_id,attachments,attachments.0.content_type,attachments.0.filename,attachments.0.height,attachments.0.id,attachments.0.placeholder,attachments.0.placeholder_version,attachments.0.proxy_url,attachments.0.size,attachments.0.url,attachments.0.width,author.accent_color,author.avatar,author.avatar_decoration_data,author.banner,author.banner_color,author.clan,author.discriminator,author.flags,author.global_name,author.id,author.primary_guild,author.public_flags,author.username,call,call.ended_timestamp,call.participants.0,call.participants.1,channel_id,components,content,date,edited_timestamp,embeds,embeds.0.author.name,embeds.0.author.url,embeds.0.color,embeds.0.description,embeds.0.provider.name,embeds.0.provider.url,embeds.0.thumbnail.flags,embeds.0.thumbnail.height,embeds.0.thumbnail.placeholder,embeds.0.thumbnail.placeholder_version,embeds.0.thumbnail.proxy_url,embeds.0.thumbnail.url,embeds.0.thumbnail.width,embeds.0.title,embeds.0.type,embeds.0.url,embeds.0.video.flags,embeds.0.video.height,embeds.0.video.placeholder,embeds.0.video.placeholder_version,embeds.0.video.proxy_url,embeds.0.video.url,embeds.0.video.width,flags,interaction,mention_channels,mention_everyone,mentions,mentions.0.accent_color,mentions.0.avatar,mentions.0.avatar_decoration_data,mentions.0.banner,mentions.0.banner_color,mentions.0.clan,mentions.0.discriminator,mentions.0.flags,mentions.0.global_name,mentions.0.id,mentions.0.primary_guild,mentions.0.public_flags,mentions.0.username,message_reference,nonce,pinned,position,reactions,referenced_message,resolved,role_subscription_data,sticker_items,stickers,thread,timestamp,tts,type,userName,webhook_id
1249554640161345647,,,,,,,,,,,,,,,,,,,,,0000,0,,456226577798135808,,0,Deleted User,,,,,1240308217976983685,,Scary sushi,2024-06-10T02:44:01.817Z,,,,,,,,,,,,,,,,,,,,,,,,,,0,,,false,,,,,,,,,,,,,,,,,false,,,,,,,,,2024-06-10T02:44:01.817000+00:00,false,0,Deleted User,
1249554622679617630,,,,,,,,,,,,,,,,,,,,,0000,0,,456226577798135808,,0,Deleted User,,,,,1240308217976983685,,I found a new horror game,2024-06-10T02:43:57.649Z,,,,,,,,,,,,,,,,,,,,,,,,,,0,,,false,,,,,,,,,,,,,,,,,false,,,,,,,,,2024-06-10T02:43:57.649000+00:00,false,0,Deleted User,
1245568299148902452,,,,,,,,,,,,,,,,,,,,,0000,0,,456226577798135808,,0,Deleted User,,,,,1240308217976983685,,no,2024-05-30T02:43:44.057Z,,,,,,,,,,,,,,,,,,,,,,,,,,0,,,false,,,,,,,,,,,,,,,,,false,,,,,,,,,2024-05-30T02:43:44.057000+00:00,false,0,Deleted User,
1245389095598035146,,,,,,,,,,,,,,,,,,,,,0000,0,,456226577798135808,,0,Deleted User,,2024-05-29T14:52:01.835000+00:00,594616562187501588,,1240308217976983685,,,2024-05-29T14:51:38.601Z,,,,,,,,,,,,,,,,,,,,,,,,,,0,,,false,,,a8d9a23b96fe4c81bf21ca7fed8d15b1,,,,,0,4194368,SSJBel,304067645416931328,,4194368,strongvstrong,,,false,,,,,,,,,2024-05-29T14:51:38.601000+00:00,false,3,Deleted User,
1245257952500387891,,,,,,,,,,,,,,,,,,,,,0000,0,,456226577798135808,,0,Deleted User,,,,,1240308217976983685,,https://tenor.com/view/hercules-hades-we-back-okay-im-cool-relax-gif-25467613,2024-05-29T06:10:31.650Z,,,,,,,Tenor,https://tenor.co,0,546,2DkKNog3h7mPZYiAdVpWiHeIB49ygFc=,1,https://images-ext-1.discordapp.net/external/MPfv_EkpFNeDHX2UQB1bYjt6ffVImV__rNVwVo3lCTE/https/media.tenor.com/SUpY5eIlP0IAAAAe/hercules-hades.png,https://media.tenor.com/SUpY5eIlP0IAAAAe/hercules-hades.png,640,,gifv,https://tenor.com/view/hercules-hades-we-back-okay-im-cool-relax-gif-25467613,0,546,2DkKNog3h7mPZYiAdVpWiHeIB49ygFc=,1,https://images-ext-1.discordapp.net/external/9m8B21lIUPedC126Ke_h-A0oqy7xH02oejhvIOjlw6Q/https/media.tenor.com/SUpY5eIlP0IAAAPo/hercules-hades.mp4,https://media.tenor.com/SUpY5eIlP0IAAAPo/hercules-hades.mp4,640,0,,,false,,,,,,,,,,,,,,,,,false,,,,,,,,,2024-05-29T06:10:31.650000+00:00,false,0,Deleted User,
1245257407412568137,,,,,,,,,,,,,,,,,,,,,0000,0,,456226577798135808,,0,Deleted User,,,,,1240308217976983685,,Cant log it it just says error,2024-05-29T06:08:21.691Z,,,,,,,,,,,,,,,,,,,,,,,,,,0,,,false,,,,,,,,,,,,,,,,,false,,,,,,,,,2024-05-29T06:08:21.691000+00:00,false,0,Deleted User,
1245257370003570752,,,,,,,,,,,,,,,,,,,,,0000,0,,456226577798135808,,0,Deleted User,,,,,1240308217976983685,,or my account got stolen,2024-05-29T06:08:12.772Z,,,,,,,,,,,,,,,,,,,,,,,,,,0,,,false,,,,,,,,,,,,,,,,,false,,,,,,,,,2024-05-29T06:08:12.772000+00:00,false,0,Deleted User,
1245257342669557843,,,,,,,,,,,,,,,,,,,,,0000,0,,456226577798135808,,0,Deleted User,,,,,1240308217976983685,,from legends,2024-05-29T06:08:06.255Z,,,,,,,,,,,,,,,,,,,,,,,,,,0,,,false,,,,,,,,,,,,,,,,,false,,,,,,,,,2024-05-29T06:08:06.255000+00:00,false,0,Deleted User,
1245257334091943938,,,,,,,,,,,,,,,,,,,,,0000,0,,456226577798135808,,0,Deleted User,,,,,1240308217976983685,,i think i got banned,2024-05-29T06:08:04.210Z,,,,,,,,,,,,,,,,,,,,,,,,,,0,,,false,,,,,,,,,,,,,,,,,false,,,,,,,,,2024-05-29T06:08:04.210000+00:00,false,0,Deleted User,
1245257280925077524,,,,,,,,,,,,,,,,,,,,,0000,0,,456226577798135808,,0,Deleted User,,,,,1240308217976983685,,but I dont care,2024-05-29T06:07:51.534Z,,,,,,,,,,,,,,,,,,,,,,,,,,0,,,false,,,,,,,,,,,,,,,,,false,,,,,,,,,2024-05-29T06:07:51.534000+00:00,false,0,Deleted User,
1245257265959669780,,,,,,,,,,,,,,,,,,,,,0000,0,,456226577798135808,,0,Deleted User,,,,,1240308217976983685,,oh wait you did,2024-05-29T06:07:47.966Z,,,,,,,,,,,,,,,,,,,,,,,,,,0,,,false,,,,,,,,,,,,,,,,,false,,,,,,,,,2024-05-29T06:07:47.966000+00:00,false,0,Deleted User,
1245257204374704168,,,,,,,,,,,,,,,,,,,,,0000,0,,456226577798135808,,0,Deleted User,,,,,1240308217976983685,,no you didnt,2024-05-29T06:07:33.283Z,,,,,,,,,,,,,,,,,,,,,,,,,,0,,,false,,,,,,,,,,,,,,,,,false,,,,,,,,,2024-05-29T06:07:33.283000+00:00,false,0,Deleted User,
1245247538441752576,,,,,,,,,,,,,,,,,,,,,0000,0,,456226577798135808,,0,Deleted User,,,,,1240308217976983685,,raid,2024-05-29T05:29:08.745Z,,,,,,,,,,,,,,,,,,,,,,,,,,0,,,false,,,,,,,,,,,,,,,,,false,,,,,,,,,2024-05-29T05:29:08.745000+00:00,false,0,Deleted User,
1245247532343361586,,,,,,,,,,,,,,,,,,,,,0000,0,,456226577798135808,,0,Deleted User,,,,,1240308217976983685,,do,2024-05-29T05:29:07.291Z,,,,,,,,,,,,,,,,,,,,,,,,,,0,,,false,,,,,,,,,,,,,,,,,false,,,,,,,,,2024-05-29T05:29:07.291000+00:00,false,0,Deleted User,
1245247528270827600,,,,,,,,,,,,,,,,,,,,,0000,0,,456226577798135808,,0,Deleted User,,,,,1240308217976983685,,lets,2024-05-29T05:29:06.320Z,,,,,,,,,,,,,,,,,,,,,,,,,,0,,,false,,,,,,,,,,,,,,,,,false,,,,,,,,,2024-05-29T05:29:06.320000+00:00,false,0,Deleted User,
1244944894942908416,,,,,,,,,,,,,,,,,,,,,0000,0,,456226577798135808,,0,Deleted User,,,,,1240308217976983685,,and rest my eyes,2024-05-28T09:26:32.912Z,,,,,,,,,,,,,,,,,,,,,,,,,,0,,,false,,,,,,,,,,,,,,,,,false,,,,,,,,,2024-05-28T09:26:32.912000+00:00,false,0,Deleted User,
1244944886059241482,,,,,,,,,,,,,,,,,,,,,0000,0,,456226577798135808,,0,Deleted User,,,,,1240308217976983685,,im gonna take a short break,2024-05-28T09:26:30.794Z,,,,,,,,,,,,,,,,,,,,,,,,,,0,,,false,,,,,,,,,,,,,,,,,false,,,,,,,,,2024-05-28T09:26:30.794000+00:00,false,0,Deleted User,
1244944866455064619,,,,,,,,,,,,,,,,,,,,,0000,0,,456226577798135808,,0,Deleted User,,,,,1240308217976983685,,Go level uo,2024-05-28T09:26:26.120Z,,,,,,,,,,,,,,,,,,,,,,,,,,0,,,false,,,,,,,,,,,,,,,,,false,,,,,,,,,2024-05-28T09:26:26.120000+00:00,false,0,Deleted User,
1244944313310511105,,,,,,,,,,,,,,,,,,,,,0000,0,,456226577798135808,,0,Deleted User,,,,,1240308217976983685,,I am rest,2024-05-28T09:24:14.240Z,,,,,,,,,,,,,,,,,,,,,,,,,,0,,,false,,,,,,,,,,,,,,,,,false,,,,,,,,,2024-05-28T09:24:14.240000+00:00,false,0,Deleted User,
1244944290392571987,,,,,,,,,,,,,,,,,,,,,0000,0,,456226577798135808,,0,Deleted User,,,,,1240308217976983685,,i sleep,2024-05-28T09:24:08.776Z,,,,,,,,,,,,,,,,,,,,,,,,,,0,,,false,,,,,,,,,,,,,,,,,false,,,,,,,,,2024-05-28T09:24:08.776000+00:00,false,0,Deleted User,
1244944286349525065,,,,,,,,,,,,,,,,,,,,,0000,0,,456226577798135808,,0,Deleted User,,,,,1240308217976983685,,u go do a round,2024-05-28T09:24:07.812Z,,,,,,,,,,,,,,,,,,,,,,,,,,0,,,false,,,,,,,,,,,,,,,,,false,,,,,,,,,2024-05-28T09:24:07.812000+00:00,false,0,Deleted User,
1244944267315642378,,,,,,,,,,,,,,,,,,,,,0000,0,,456226577798135808,,0,Deleted User,,,,,1240308217976983685,,ok wait,2024-05-28T09:24:03.274Z,,,,,,,,,,,,,,,,,,,,,,,,,,0,,,false,,,,,,,,,,,,,,,,,false,,,,,,,,,2024-05-28T09:24:03.274000+00:00,false,0,Deleted User,
1244942690311995465,,,,,,,,,,,,,,,,,,,,,0000,0,,456226577798135808,,0,Deleted User,,,,,1240308217976983685,,hard,2024-05-28T09:17:47.287Z,,,,,,,,,,,,,,,,,,,,,,,,,,0,,,false,,,,,,,,,,,,,,,,,false,,,,,,,,,2024-05-28T09:17:47.287000+00:00,false,0,Deleted User,
1244942679641690143,,,,,,,,,,,,,,,,,,,,,0000,0,,456226577798135808,,0,Deleted User,,,,,1240308217976983685,,had,2024-05-28T09:17:44.743Z,,,,,,,,,,,,,,,,,,,,,,,,,,0,,,false,,,,,,,,,,,,,,,,,false,,,,,,,,,2024-05-28T09:17:44.743000+00:00,false,0,Deleted User,
1244942668753272883,,,,,,,,,,,,,,,,,,,,,0000,0,,456226577798135808,,0,Deleted User,,,,,1240308217976983685,,i lag,2024-05-28T09:17:42.147Z,,,,,,,,,,,,,,,,,,,,,,,,,,0,,,false,,,,,,,,,,,,,,,,,false,,,,,,,,,2024-05-28T09:17:42.147000+00:00,false,0,Deleted User,
1244942647391682611,,,,,,,,,,,,,,,,,,,,,0000,0,,456226577798135808,,0,Deleted User,,,,,1240308217976983685,,no,2024-05-28T09:17:37.054Z,,,,,,,,,,,,,,,,,,,,,,,,,,0,,,false,,,,,,,,,,,,,,,,,false,,,,,,,,,2024-05-28T09:17:37.054000+00:00,false,0,Deleted User,
1244941123248455750,,,,,,,,,,,,,,,,,,,,,0000,0,,456226577798135808,,0,Deleted User,,,,,1240308217976983685,,idk,2024-05-28T09:11:33.670Z,,,,,,,,,,,,,,,,,,,,,,,,,,0,,,false,,,,,,,,,,,,,,,,,false,,,,,,,,,2024-05-28T09:11:33.670000+00:00,false,0,Deleted User,
1244940716883447850,,,,,,,,,,,,,,,,,,,,,0000,0,,456226577798135808,,0,Deleted User,,,,,1240308217976983685,,and turn auto translate off,2024-05-28T09:09:56.785Z,,,,,,,,,,,,,,,,,,,,,,,,,,0,,,false,,,,,,,,,,,,,,,,,false,,,,,,,,,2024-05-28T09:09:56.785000+00:00,false,0,Deleted User,
1244940698957119509,,,,,,,,,,,,,,,,,,,,,0000,0,,456226577798135808,,0,Deleted User,,,,,1240308217976983685,,go to setting,2024-05-28T09:09:52.511Z,,,,,,,,,,,,,,,,,,,,,,,,,,0,,,false,,,,,,,,,,,,,,,,,false,,,,,,,,,2024-05-28T09:09:52.511000+00:00,false,0,Deleted User,
1244939000767053864,,,,,,,,,,,,,,,,,,,,,0000,0,,456226577798135808,,0,Deleted User,,,,,1240308217976983685,,codes,2024-05-28T09:03:07.631Z,,,,,,,,,,,,,,,,,,,,,,,,,,0,,,false,,,,,,,,,,,,,,,,,false,,,,,,,,,2024-05-28T09:03:07.631000+00:00,false,0,Deleted User,
1244926719937478657,,,,,,,,,,,,,,,,,,,,,0000,0,,456226577798135808,,0,Deleted User,,,,,1240308217976983685,,yes,2024-05-28T08:14:19.653Z,,,,,,,,,,,,,,,,,,,,,,,,,,0,,,false,,,,,,,,,,,,,,,,,false,,,,,,,,,2024-05-28T08:14:19.653000+00:00,false,0,Deleted User,
1244917763294760984,,,,,image/png,Screen_Shot_2024-05-28_at_3.38.40_AM.png,794,1244917763047161928,5gcSBoB1hXdweImEiHd4iHl4pr+tBSU=,1,https://media.discordapp.net/attachments/1240308217976983685/1244917763047161928/Screen_Shot_2024-05-28_at_3.38.40_AM.png?ex=67837184&is=67822004&hm=56314f9606087aba82015b6cdf71c1b27ed43688686bed3eeba55625b9d25985&,633618,https://cdn.discordapp.com/attachments/1240308217976983685/1244917763047161928/Screen_Shot_2024-05-28_at_3.38.40_AM.png?ex=67837184&is=67822004&hm=56314f9606087aba82015b6cdf71c1b27ed43688686bed3eeba55625b9d25985&,912,,,,,,,0000,0,,456226577798135808,,0,Deleted User,,,,,1240308217976983685,,,2024-05-28T07:38:44.223Z,,,,,,,,,,,,,,,,,,,,,,,,,,0,,,false,,,,,,,,,,,,,,,,,false,,,,,,,,,2024-05-28T07:38:44.223000+00:00,false,0,Deleted User,
1244917070974685275,,,,,,,,,,,,,,,,,,,,,0000,0,,456226577798135808,,0,Deleted User,,,,,1240308217976983685,,https://tenor.com/view/shigaraki-lov-gif-21128102,2024-05-28T07:35:59.161Z,,,,,,,Tenor,https://tenor.co,0,360,UvcRFIKfZ4eciXd3h3hzYBgFhQ==,1,https://images-ext-1.discordapp.net/external/MEjBTaCyoUEe7c96lmBV_7QXBxpyXUanRkb3GnNQMpA/https/media.tenor.com/ZNK1hwBfTV4AAAAe/shigaraki-lov.png,https://media.tenor.com/ZNK1hwBfTV4AAAAe/shigaraki-lov.png,640,,gifv,https://tenor.com/view/shigaraki-lov-gif-21128102,0,360,UvcRFIKfZ4eciXd3h3hzYBgFhQ==,1,https://images-ext-1.discordapp.net/external/YyBM-pyM4IqtlN6_8mSr-bB-WE5yWkG5C_FH983XeyU/https/media.tenor.com/ZNK1hwBfTV4AAAPo/shigaraki-lov.mp4,https://media.tenor.com/ZNK1hwBfTV4AAAPo/shigaraki-lov.mp4,640,0,,,false,,,,,,,,,,,,,,,,,false,,,,,,,,,2024-05-28T07:35:59.161000+00:00,false,0,Deleted User,
1244916993845362689,,,,,image/png,Screen_Shot_2024-05-28_at_3.35.36_AM.png,938,1244916993572999208,4AcSBwBwg3iCaolkmph4h3iIl/ylNqAH,1,https://media.discordapp.net/attachments/1240308217976983685/1244916993572999208/Screen_Shot_2024-05-28_at_3.35.36_AM.png?ex=678370cc&is=67821f4c&hm=35ead6ceecff0875cb2d149995766c1df033b99258a3b5ae108f53ed475d364e&,768676,https://cdn.discordapp.com/attachments/1240308217976983685/1244916993572999208/Screen_Shot_2024-05-28_at_3.35.36_AM.png?ex=678370cc&is=67821f4c&hm=35ead6ceecff0875cb2d149995766c1df033b99258a3b5ae108f53ed475d364e&,892,,,,,,,0000,0,,456226577798135808,,0,Deleted User,,,,,1240308217976983685,,,2024-05-28T07:35:40.772Z,,,,,,,,,,,,,,,,,,,,,,,,,,0,,,false,,,,,,,,,,,,,,,,,false,,,,,,,,,2024-05-28T07:35:40.772000+00:00,false,0,Deleted User,
1244915131226390592,,,,,image/png,Screen_Shot_2024-05-28_at_3.28.12_AM.png,872,1244915131201093663,6wcOBYBfxsSmZ4eJWWh4erCd/SMm,1,https://media.discordapp.net/attachments/1240308217976983685/1244915131201093663/Screen_Shot_2024-05-28_at_3.28.12_AM.png?ex=67836f10&is=67821d90&hm=489db738f517c5ce735f14fc646a8be790271ae334bbffc011e8f0d4528dd625&,959154,https://cdn.discordapp.com/attachments/1240308217976983685/1244915131201093663/Screen_Shot_2024-05-28_at_3.28.12_AM.png?ex=67836f10&is=67821d90&hm=489db738f517c5ce735f14fc646a8be790271ae334bbffc011e8f0d4528dd625&,1176,,,,,,,0000,0,,456226577798135808,,0,Deleted User,,,,,1240308217976983685,,,2024-05-28T07:28:16.689Z,,,,,,,,,,,,,,,,,,,,,,,,,,0,,,false,,,,,,,,,,,,,,,,,false,,,,,,,,,2024-05-28T07:28:16.689000+00:00,false,0,Deleted User,
1244915066596495392,,,,,image/png,Screen_Shot_2024-05-28_at_3.27.56_AM.png,930,1244915066667663383,MAgGBoCSiIr/FpZCmIiaSIiHAAAAAAA=,1,https://media.discordapp.net/attachments/1240308217976983685/1244915066667663383/Screen_Shot_2024-05-28_at_3.27.56_AM.png?ex=67836f01&is=67821d81&hm=738d106afe844e8f66af52c4e7016adcdaa5b0128f67d134c55e202c3bc95819&,1103949,https://cdn.discordapp.com/attachments/1240308217976983685/1244915066667663383/Screen_Shot_2024-05-28_at_3.27.56_AM.png?ex=67836f01&is=67821d81&hm=738d106afe844e8f66af52c4e7016adcdaa5b0128f67d134c55e202c3bc95819&,1086,,,,,,,0000,0,,456226577798135808,,0,Deleted User,,,,,1240308217976983685,,,2024-05-28T07:28:01.280Z,,,,,,,,,,,,,,,,,,,,,,,,,,0,,,false,,,,,,,,,,,,,,,,,false,,,,,,,,,2024-05-28T07:28:01.280000+00:00,false,0,Deleted User,
1244914866368811019,,,,,image/png,Screen_Shot_2024-05-28_at_3.27.06_AM.png,1112,1244914866075205642,HwgOBwB/mmizmolkesWXqFl5CwAAAAAA,1,https://media.discordapp.net/attachments/1240308217976983685/1244914866075205642/Screen_Shot_2024-05-28_at_3.27.06_AM.png?ex=67836ed1&is=67821d51&hm=4b3243352bf82bef28d9e72f048329be062ad40861555c84b43f6a221117955c&,1182941,https://cdn.discordapp.com/attachments/1240308217976983685/1244914866075205642/Screen_Shot_2024-05-28_at_3.27.06_AM.png?ex=67836ed1&is=67821d51&hm=4b3243352bf82bef28d9e72f048329be062ad40861555c84b43f6a221117955c&,1050,,,,,,,0000,0,,456226577798135808,,0,Deleted User,,,,,1240308217976983685,,,2024-05-28T07:27:13.542Z,,,,,,,,,,,,,,,,,,,,,,,,,,0,,,false,,,,,,,,,,,,,,,,,false,,,,,,,,,2024-05-28T07:27:13.542000+00:00,false,0,Deleted User,
1244914625582075966,,,,,image/png,Screen_Shot_2024-05-28_at_3.26.12_AM.png,464,1244914625460310077,8QcKB4D410l1ioiLhuR4qFeIWO4HGoEP,1,https://media.discordapp.net/attachments/1240308217976983685/1244914625460310077/Screen_Shot_2024-05-28_at_3.26.12_AM.png?ex=67836e98&is=67821d18&hm=202bf8e70ac4e84ce022ebf0096eebc07fe1c97f8de32f0a4e44479f615c76ed&,210630,https://cdn.discordapp.com/attachments/1240308217976983685/1244914625460310077/Screen_Shot_2024-05-28_at_3.26.12_AM.png?ex=67836e98&is=67821d18&hm=202bf8e70ac4e84ce022ebf0096eebc07fe1c97f8de32f0a4e44479f615c76ed&,478,,,,,,,0000,0,,456226577798135808,,0,Deleted User,,,,,1240308217976983685,,,2024-05-28T07:26:16.134Z,,,,,,,,,,,,,,,,,,,,,,,,,,0,,,false,,,,,,,,,,,,,,,,,false,,,,,,,,,2024-05-28T07:26:16.134000+00:00,false,0,Deleted User,
1244914422875688991,,,,,,,,,,,,,,,,,,,,,0000,0,,456226577798135808,,0,Deleted User,,,,,1240308217976983685,,https://tenor.com/view/kira-dea-l-death-note-gif-25862543,2024-05-28T07:25:27.805Z,,,,,,,Tenor,https://tenor.co,0,360,j0gGFIg+aWdQapmGV4mnb3r5lw==,1,https://images-ext-1.discordapp.net/external/EwLTZRfBMlPRKqCj4mT59FVAs87owRmtI8dfecvdNDA/https/media.tenor.com/J8u_ouzmG3EAAAAe/kira-dea.png,https://media.tenor.com/J8u_ouzmG3EAAAAe/kira-dea.png,640,,gifv,https://tenor.com/view/kira-dea-l-death-note-gif-25862543,0,360,j0gGFIg+aWdQapmGV4mnb3r5lw==,1,https://images-ext-1.discordapp.net/external/gzwvlwRWiqqLa8_j2Eomv9xZ3YZPwvoVL5K1rfO8iVg/https/media.tenor.com/J8u_ouzmG3EAAAPo/kira-dea.mp4,https://media.tenor.com/J8u_ouzmG3EAAAPo/kira-dea.mp4,640,0,,,false,,,,,,,,,,,,,,,,,false,,,,,,,,,2024-05-28T07:25:27.805000+00:00,false,0,Deleted User,
1244914354915377212,,,,,,,,,,,,,,,,,,,,,0000,0,,456226577798135808,,0,Deleted User,,,,,1240308217976983685,,https://tenor.com/view/kira1-gif-18086478,2024-05-28T07:25:11.602Z,,,,,,,Tenor,https://tenor.co,0,368,lTgSDIJil4eweXdqeHcQUza1AA==,1,https://images-ext-1.discordapp.net/external/w04JcqU1SjcAbUqqYizxG8LvNCOdVsewneB3w97Wxmw/https/media.tenor.com/Wb_TSC7WYHcAAAAe/kira1.png,https://media.tenor.com/Wb_TSC7WYHcAAAAe/kira1.png,640,,gifv,https://tenor.com/view/kira1-gif-18086478,0,368,lTgSDIJil4eweXdqeHcQUza1AA==,1,https://images-ext-1.discordapp.net/external/6WjcvXRSzLuJen0GizEwjwJfZQS7hem24agws99ZwQw/https/media.tenor.com/Wb_TSC7WYHcAAAPo/kira1.mp4,https://media.tenor.com/Wb_TSC7WYHcAAAPo/kira1.mp4,640,0,,,false,,,,,,,,,,,,,,,,,false,,,,,,,,,2024-05-28T07:25:11.602000+00:00,false,0,Deleted User,
1244914296396185620,,,,,,,,,,,,,,,,,,,,,0000,0,,456226577798135808,,0,Deleted User,,,,,1240308217976983685,,https://tenor.com/view/kira-gif-18718554,2024-05-28T07:24:57.650Z,,,,,,,Tenor,https://tenor.co,0,354,EigSDIQIhYhwi3eEiomQdgUoeA==,1,https://images-ext-1.discordapp.net/external/gnGTJxVOcGyhmBe2171cFeHObV-wF7CC2s7KoeSzsIU/https/media.tenor.com/Dz9t7x3L2YEAAAAe/kira.png,https://media.tenor.com/Dz9t7x3L2YEAAAAe/kira.png,640,,gifv,https://tenor.com/view/kira-gif-18718554,0,354,EigSDIQIhYhwi3eEiomQdgUoeA==,1,https://images-ext-1.discordapp.net/external/IqYMa4ZVA9JSSWH5gQwXammUfhWLHv-PqOgOYRV9afg/https/media.tenor.com/Dz9t7x3L2YEAAAPo/kira.mp4,https://media.tenor.com/Dz9t7x3L2YEAAAPo/kira.mp4,640,0,,,false,,,,,,,,,,,,,,,,,false,,,,,,,,,2024-05-28T07:24:57.650000+00:00,false,0,Deleted User,
1244914276703932426,,,,,,,,,,,,,,,,,,,,,0000,0,,456226577798135808,,0,Deleted User,,,,,1240308217976983685,,https://tenor.com/view/loufy42-light-yagami-death-note-gif-15248803,2024-05-28T07:24:52.955Z,,,,,,,Tenor,https://tenor.co,0,354,03gSDIYKlYiVaoZlqHgu/dXiXw==,1,https://images-ext-1.discordapp.net/external/EOEldhhDulBdJ5z5ivQKPIQZC6k0gbeeutyQj0xRoFg/https/media.tenor.com/H37ktE73aVkAAAAe/loufy42-light.png,https://media.tenor.com/H37ktE73aVkAAAAe/loufy42-light.png,640,,gifv,https://tenor.com/view/loufy42-light-yagami-death-note-gif-15248803,0,354,03gSDIYKlYiVaoZlqHgu/dXiXw==,1,https://images-ext-1.discordapp.net/external/h_afXhPFHQMbxNlowH5A6iUTNrJAxT-X-SWnRcD45BA/https/media.tenor.com/H37ktE73aVkAAAPo/loufy42-light.mp4,https://media.tenor.com/H37ktE73aVkAAAPo/loufy42-light.mp4,640,0,,,false,,,,,,,,,,,,,,,,,false,,,,,,,,,2024-05-28T07:24:52.955000+00:00,false,0,Deleted User,
1244912728536252426,,,,,,,,,,,,,,,,,,,,,0000,0,,456226577798135808,,0,Deleted User,,,,,1240308217976983685,,brb,2024-05-28T07:18:43.843Z,,,,,,,,,,,,,,,,,,,,,,,,,,0,,,false,,,,,,,,,,,,,,,,,false,,,,,,,,,2024-05-28T07:18:43.843000+00:00,false,0,Deleted User,
1244912606834200588,,,,,,,,,,,,,,,,,,,,,0000,0,,456226577798135808,,0,Deleted User,,,,,1240308217976983685,,https://youtu.be/o8_6hDQzLe8?si=JMLboFj5cTI_6Ds3,2024-05-28T07:18:14.827Z,,,Shinseijii,https://www.youtube.com/channel/UC4-fkfq8ugzhSCYvZiVvxbg,16711680,"Welouch

Keywords:
Anime
Edit
Lelouch
Code Geass
Animanga
Manga
Ayanokoji
Classroom of the Elite

#animeedit #lelouch #lelouchvibritannia #lelouchlamperouge #codegeass #zero #davinciresolve #edit #anime #manga #lightnovel #otaku #weeb #fyp #foryou #goat #shortsvideo #shortfeed #shortsviral #ayanokoji #ayanokoujikiyotaka #classroomoftheelite #you...",YouTube,https://www.youtube.com,0,720,yfcFDIJHqId9hoiAfnS4cIcMeA==,1,https://images-ext-1.discordapp.net/external/xh4Wn3fchq2faInNfE0A1escNCXquu5ZsMjQy-N_p6k/https/i.ytimg.com/vi/o8_6hDQzLe8/maxresdefault.jpg,https://i.ytimg.com/vi/o8_6hDQzLe8/maxresdefault.jpg,1280,"""Geass is like a Wish.."" | Lelouch-Code Geass Edit | #shorts",video,https://www.youtube.com/shorts/o8_6hDQzLe8,0,720,yfcFDIJHqId9hoiAfnS4cIcMeA==,1,,https://www.youtube.com/embed/o8_6hDQzLe8,405,0,,,false,,,,,,,,,,,,,,,,,false,,,,,,,,,2024-05-28T07:18:14.827000+00:00,false,0,Deleted User,
1244912231423152148,,,,,,,,,,,,,,,,,,,,,0000,0,,456226577798135808,,0,Deleted User,,,,,1240308217976983685,,https://tenor.com/view/physio-time-exercise-jogging-in-place-jogging-gif-15173771,2024-05-28T07:16:45.322Z,,,,,,,Tenor,https://tenor.co,0,478,nBgKDYJmT3KFcZdclqiFd2aQqVBI,1,https://images-ext-1.discordapp.net/external/NQYGGR0-G_wt0_4Xx0e4ZruVqReebpAaoMdt9kjCwuc/https/media.tenor.com/HK-vQXXAUGUAAAAe/physio-time-exercise.png,https://media.tenor.com/HK-vQXXAUGUAAAAe/physio-time-exercise.png,640,,gifv,https://tenor.com/view/physio-time-exercise-jogging-in-place-jogging-gif-15173771,0,478,nBgKDYJmT3KFcZdclqiFd2aQqVBI,1,https://images-ext-1.discordapp.net/external/NdBW4N-3ak-3y0j9vk4Q3dA1NlQnhLT5-ephr66pEyo/https/media.tenor.com/HK-vQXXAUGUAAAPo/physio-time-exercise.mp4,https://media.tenor.com/HK-vQXXAUGUAAAPo/physio-time-exercise.mp4,640,0,,,false,,,,,,,,,,,,,,,,,false,,,,,,,,,2024-05-28T07:16:45.322000+00:00,false,0,Deleted User,
1244911332885532704,,,,,,,,,,,,,,,,,,,,,0000,0,,456226577798135808,,0,Deleted User,,,,,1240308217976983685,,https://youtu.be/oUYQWpe8ZlY?si=1FSBdSgs8u6qGVPy,2024-05-28T07:13:11.094Z,,,·ó©·é•‰πô·ó©·ëé,https://www.youtube.com/channel/UCppEYABt4VR-q9netL5HYbw,16711680,"#DeathNote
#LightYagami
#L
#Shinigami
#Kira
#Ryuk
#DeathNoteAnime
#DeathNoteManga
#JusticeVsEvil
#AnimeClassic
#DeathNoteFans
#DeathNoteCosplay
#AnimeCommunity
#AnimeReview
#DeathNoteAnalysis

death note badass scene conversation

death note badass scene

death note badass

death note baddas

SHAW

death note edit

death note song

death note am...",YouTube,https://www.youtube.com,0,720,TAgWHIIHqIeHeHd2iYgHeGeQZw==,1,https://images-ext-1.discordapp.net/external/gD_1wuROcxRYhKF8qVq1emdlh0wCLN2l7Vw-LVDAUao/https/i.ytimg.com/vi/oUYQWpe8ZlY/maxresdefault.jpg,https://i.ytimg.com/vi/oUYQWpe8ZlY/maxresdefault.jpg,1280,When LIGHT Realize He Is Just a Serial Killer üíÄ / #deathnote #light...,video,https://www.youtube.com/shorts/oUYQWpe8ZlY,0,720,TAgWHIIHqIeHeHd2iYgHeGeQZw==,1,,https://www.youtube.com/embed/oUYQWpe8ZlY,540,0,,,false,,,,,,,,,,,,,,,,,false,,,,,,,,,2024-05-28T07:13:11.094000+00:00,false,0,Deleted User,
1244909962698952744,,,,,,,,,,,,,,,,,,,,,0000,0,,456226577798135808,,0,Deleted User,,,,,1240308217976983685,,https://tenor.com/view/fire-force-shinra-kusakabe-company8-gif-23804857,2024-05-28T07:07:44.416Z,,,,,,,Tenor,https://tenor.co,0,360,lHkOHIQDenh7hZeIh3gCeggCeg==,1,https://images-ext-1.discordapp.net/external/azIufUxW4_cfQIb2DBZC5NuXAcvP_f8BopdImXUiaV4/https/media.tenor.com/T7ToC0XWhDoAAAAe/fire-force-shinra-kusakabe.png,https://media.tenor.com/T7ToC0XWhDoAAAAe/fire-force-shinra-kusakabe.png,640,,gifv,https://tenor.com/view/fire-force-shinra-kusakabe-company8-gif-23804857,0,360,lHkOHIQDenh7hZeIh3gCeggCeg==,1,https://images-ext-1.discordapp.net/external/9UXApjXmeax2Eub-f-mxd8xGGbdnAlK5qMvErLaJcvs/https/media.tenor.com/T7ToC0XWhDoAAAPo/fire-force-shinra-kusakabe.mp4,https://media.tenor.com/T7ToC0XWhDoAAAPo/fire-force-shinra-kusakabe.mp4,640,0,,,false,,,,,,,,,,,,,,,,,false,,,,,,,,,2024-05-28T07:07:44.416000+00:00,false,0,Deleted User,
1244909795857928212,,,,,,,,,,,,,,,,,,,,,0000,0,,456226577798135808,,0,Deleted User,,,,,1240308217976983685,,https://tenor.com/view/solo-leveling-statue-smile-solo-leveling-statue-smile-gif-2074285987229653283,2024-05-28T07:07:04.638Z,,,,,,,Tenor,https://tenor.co,0,281,kcUJJIQoaJiPeHZ1h4fYgHsNpw==,1,https://images-ext-1.discordapp.net/external/tSiF2T_Nmi9az8_NC3wsvP6JVoyhjSQLv82a9C399j4/https/media.tenor.com/HMlYHYdk2SMAAAAe/solo-leveling-statue-smile-solo-leveling.png,https://media.tenor.com/HMlYHYdk2SMAAAAe/solo-leveling-statue-smile-solo-leveling.png,498,,gifv,https://tenor.com/view/solo-leveling-statue-smile-solo-leveling-statue-smile-gif-2074285987229653283,0,282,kcUJJIQoaJiPeHZ1h4fYgHsNpw==,1,https://images-ext-1.discordapp.net/external/e9FiKO5lzG89HlfGkrYJNOt2LXKMHJFPVQ2wtxVoPA8/https/media.tenor.com/HMlYHYdk2SMAAAPo/solo-leveling-statue-smile-solo-leveling.mp4,https://media.tenor.com/HMlYHYdk2SMAAAPo/solo-leveling-statue-smile-solo-leveling.mp4,498,0,,,false,,,,,,,,,,,,,,,,,false,,,,,,,,,2024-05-28T07:07:04.638000+00:00,false,0,Deleted User,
1244909541427118150,,,,,,,,,,,,,,,,,,,,,0000,0,,456226577798135808,,0,Deleted User,,,,,1240308217976983685,,https://tenor.com/view/yuiichi-katagiri-yuuichi-gif-26568116,2024-05-28T07:06:03.977Z,,,,,,,Tenor,https://tenor.co,0,640,yQcGBQAxdoR5CJhZenh3eGpb0Blw,1,https://images-ext-1.discordapp.net/external/VhgFNR3F_UaTZ_p_YAo3wtcGApS_7qWRYBZ6VWWJjgA/https/media.tenor.com/OX_X1hb_2b4AAAAe/yuiichi-katagiri.png,https://media.tenor.com/OX_X1hb_2b4AAAAe/yuiichi-katagiri.png,454,,gifv,https://tenor.com/view/yuiichi-katagiri-yuuichi-gif-26568116,0,640,yQcGBQAxdoR5CJhZenh3eGpb0Blw,1,https://images-ext-1.discordapp.net/external/Z9gPn1lACRO3QcbUhuwvdOL6ojmQaGI774eDxJ2I4Cs/https/media.tenor.com/OX_X1hb_2b4AAAPo/yuiichi-katagiri.mp4,https://media.tenor.com/OX_X1hb_2b4AAAPo/yuiichi-katagiri.mp4,454,0,,,false,,,,,,,,,,,,,,,,,false,,,,,,,,,2024-05-28T07:06:03.977000+00:00,false,0,Deleted User,
1244901946066862131,,,,,image/png,Screen_Shot_2024-05-28_at_2.35.49_AM.png,478,1244901945789906974,6gcWBID6ZXeFeneKd3p2So9nCg==,1,https://media.discordapp.net/attachments/1240308217976983685/1244901945789906974/Screen_Shot_2024-05-28_at_2.35.49_AM.png?ex=678362c9&is=67821149&hm=c5797dab0c851e495546989a134b1b7a0b00ff12d28fddbdaab34fa62ab5ab15&,264585,https://cdn.discordapp.com/attachments/1240308217976983685/1244901945789906974/Screen_Shot_2024-05-28_at_2.35.49_AM.png?ex=678362c9&is=67821149&hm=c5797dab0c851e495546989a134b1b7a0b00ff12d28fddbdaab34fa62ab5ab15&,886,,,,,,,0000,0,,456226577798135808,,0,Deleted User,,,,,1240308217976983685,,,2024-05-28T06:35:53.102Z,,,,,,,,,,,,,,,,,,,,,,,,,,0,,,false,,,,,,,,,,,,,,,,,false,,,,,,,,,2024-05-28T06:35:53.102000+00:00,false,0,Deleted User,
1244898635615830026,,,,,image/png,Screen_Shot_2024-05-28_at_2.22.36_AM.png,1122,1244898635389341737,5QcWBABkB6Wolop3eHdqn30KJQ==,1,https://media.discordapp.net/attachments/1240308217976983685/1244898635389341737/Screen_Shot_2024-05-28_at_2.22.36_AM.png?ex=67835fb3&is=67820e33&hm=76ed8cbd2e4dcec33fa4ddb4f892f9911f748df3fb535ed641ac600f78a4da10&,550691,https://cdn.discordapp.com/attachments/1240308217976983685/1244898635389341737/Screen_Shot_2024-05-28_at_2.22.36_AM.png?ex=67835fb3&is=67820e33&hm=76ed8cbd2e4dcec33fa4ddb4f892f9911f748df3fb535ed641ac600f78a4da10&,652,,,,,,,0000,0,,456226577798135808,,0,Deleted User,,,,,1240308217976983685,,],2024-05-28T06:22:43.829Z,,,,,,,,,,,,,,,,,,,,,,,,,,0,,,false,,,,,,,,,,,,,,,,,false,,,,,,,,,2024-05-28T06:22:43.829000+00:00,false,0,Deleted User,
1244893248061968425,,,,,,,,,,,,,,,,,,,,,0000,0,,456226577798135808,,0,Deleted User,,,,,1240308217976983685,,https://tenor.com/view/yuiichi-katagiri-yuuichi-gif-26568116,2024-05-28T06:01:19.336Z,,,,,,,Tenor,https://tenor.co,0,640,yQcGBQAxdoR5CJhZenh3eGpb0Blw,1,https://images-ext-1.discordapp.net/external/VhgFNR3F_UaTZ_p_YAo3wtcGApS_7qWRYBZ6VWWJjgA/https/media.tenor.com/OX_X1hb_2b4AAAAe/yuiichi-katagiri.png,https://media.tenor.com/OX_X1hb_2b4AAAAe/yuiichi-katagiri.png,454,,gifv,https://tenor.com/view/yuiichi-katagiri-yuuichi-gif-26568116,0,640,yQcGBQAxdoR5CJhZenh3eGpb0Blw,1,https://images-ext-1.discordapp.net/external/Z9gPn1lACRO3QcbUhuwvdOL6ojmQaGI774eDxJ2I4Cs/https/media.tenor.com/OX_X1hb_2b4AAAPo/yuiichi-katagiri.mp4,https://media.tenor.com/OX_X1hb_2b4AAAPo/yuiichi-katagiri.mp4,454,0,,,false,,,,,,,,,,,,,,,,,false,,,,,,,,,2024-05-28T06:01:19.336000+00:00,false,0,Deleted User,
1244891790360838165,,,,,,,,,,,,,,,,,,,,,0000,0,,456226577798135808,,0,Deleted User,,,,,1240308217976983685,,https://youtube.com/shorts/2kKUA2WBAOg?si=VjGiUzFSWFOAYNwW,2024-05-28T05:55:31.793Z,,,ShahAE,https://www.youtube.com/channel/UCHLAzYXhWbYdc71G3Htf54Q,16711680,"""I'D STILL HAVE YOU""..- Invincible Edit | I like the way you kiss me (slowed) #invincible #omniman #edit 
.
.
.
.
.
.
.
IGNORE TAGS:
invincible,invincible edit,invincible season 2,invincible edits,invincible omni man,invincible vs,invincible season 2 edit,invincible comic,invincible vs anissa,invincible vs edit,invincible season 2 omni man,invin...",YouTube,https://www.youtube.com,0,720,yecJDIIYl3iEeYhwjHoKdLtAtw==,1,https://images-ext-1.discordapp.net/external/e5Ft6tUA40Thz6w8OEVO0_TUoLVvBVTn9iMHV-ah4j4/https/i.ytimg.com/vi/2kKUA2WBAOg/maxresdefault.jpg,https://i.ytimg.com/vi/2kKUA2WBAOg/maxresdefault.jpg,1280,"""I'D STILL HAVE YOU""..- Invincible Edit | I like the way you kiss m...",video,https://www.youtube.com/watch?v=2kKUA2WBAOg,0,720,yecJDIIYl3iEeYhwjHoKdLtAtw==,1,,https://www.youtube.com/embed/2kKUA2WBAOg,405,0,,,false,,,,,,,,,,,,,,,,,false,,,,,,,,,2024-05-28T05:55:31.793000+00:00,false,0,Deleted User,
1244891624585035828,,,,,,,,,,,,,,,,,,,,,0000,0,,456226577798135808,,0,Deleted User,,,,,1240308217976983685,,https://youtube.com/shorts/s1VwQuhbYCM?si=J67JxOzwYzBoXhQH,2024-05-28T05:54:52.269Z,,,Krys,https://www.youtube.com/channel/UC5KHYXNT9WN1sGJ5sUP4GjA,16711680,,YouTube,https://www.youtube.com,0,720,GAgWDIIHJ8h7hYeGeHkHhHUAiA==,1,https://images-ext-1.discordapp.net/external/CcKV-Lh1KNqh5dBIjcSQVycDRZyElc5ixrZIDg1dSko/https/i.ytimg.com/vi/s1VwQuhbYCM/maxresdefault.jpg,https://i.ytimg.com/vi/s1VwQuhbYCM/maxresdefault.jpg,1280,Omni-man edit - i like the way you kiss me,video,https://www.youtube.com/watch?v=s1VwQuhbYCM,0,720,GAgWDIIHJ8h7hYeGeHkHhHUAiA==,1,,https://www.youtube.com/embed/s1VwQuhbYCM,720,0,,,false,,,,,,,,,,,,,,,,,false,,,,,,,,,2024-05-28T05:54:52.269000+00:00,false,0,Deleted User,
1244890731349278762,,,,,,,,,,,,,,,,,,,,,0000,0,,456226577798135808,,0,Deleted User,,,,,1240308217976983685,,https://www.youtube.com/shorts/pOC9bvIxJaI,2024-05-28T05:51:19.305Z,,,ùï∂ùñäùñìùñì993ùñäùñâùñéùñôùñò,https://www.youtube.com/channel/UCoYGuL0M6Fs0gThK8-ezAzA,16711680,#tomodachigame #tomodachigameanime #tomodachigameopening #yuuichikatagiri #katagiriyuuichi #yuuichi #katagiriyuuichiedit #tomodachigameedit #yuuichikatagiriedit #classroomoftheeliteseason2 #classroomoftheelite #ayanokojikiyotaka #ayanokoji #ayanokojiedit #ayanokojieditamv,YouTube,https://www.youtube.com,0,720,FggSBIAJuHiIh3h6hncKhchQmQ==,1,https://images-ext-1.discordapp.net/external/_4ucBfotU40k_6I5CiB0IX5nXIxWYQv_FIWOyqI6STU/https/i.ytimg.com/vi/pOC9bvIxJaI/maxresdefault.jpg,https://i.ytimg.com/vi/pOC9bvIxJaI/maxresdefault.jpg,1280,Would You Still Call Me Your Friend? | Yuuichi Katagiri Edit,video,https://www.youtube.com/watch?v=pOC9bvIxJaI,0,720,FggSBIAJuHiIh3h6hncKhchQmQ==,1,,https://www.youtube.com/embed/pOC9bvIxJaI,405,0,,,false,,,,,,,,,,,,,,,,,false,,,,,,,,,2024-05-28T05:51:19.305000+00:00,false,0,Deleted User,
1244889680676388945,,,,,,,,,,,,,,,,,,,,,0000,0,,456226577798135808,,0,Deleted User,,,,,1240308217976983685,,https://youtube.com/shorts/KpDXrisWM_0?si=6BpNUqMxUJZl4W92,2024-05-28T05:47:08.805Z,,,ùï∂ùñäùñìùñì993ùñäùñâùñéùñôùñò,https://www.youtube.com/channel/UCoYGuL0M6Fs0gThK8-ezAzA,16711680,#tomodachigame #animeedit #tomodachigameanime #yuuichi #yuuichikatagiri #katagiriyuuichiedit #katagiriyuuichi #yuuichiedit #tomodachigameyuuichiedit #classroomoftheelite #ayanokoji #ayanokojikiyotaka #kiyotakaayanokoji #ayanokojiedit #ayanokojieditamv #kiyotakaayanokojiedit,YouTube,https://www.youtube.com,0,720,FQgeBIIHmKh4h3iGeXgIco0wtw==,1,https://images-ext-1.discordapp.net/external/iE-8xU4Gu-cJFYBLrKldSACpPOS8wsd3l9DXwj7F_Hc/https/i.ytimg.com/vi/KpDXrisWM_0/maxresdefault.jpg,https://i.ytimg.com/vi/KpDXrisWM_0/maxresdefault.jpg,1280,Devil - Bate Forte E Dan√ßa [ AMV/Edit ] | Yuuichi Katagiri Edit,video,https://www.youtube.com/watch?v=KpDXrisWM_0,0,720,FQgeBIIHmKh4h3iGeXgIco0wtw==,1,,https://www.youtube.com/embed/KpDXrisWM_0,576,0,,,false,,,,,,,,,,,,,,,,,false,,,,,,,,,2024-05-28T05:47:08.805000+00:00,false,0,Deleted User,
1244889521363882036,,,,,image/png,Screen_Shot_2024-05-28_at_1.46.27_AM.png,640,1244889521145909269,IwgOBgCJdQeJhxaVdkqHYXd5F3BsAKc=,1,https://media.discordapp.net/attachments/1240308217976983685/1244889521145909269/Screen_Shot_2024-05-28_at_1.46.27_AM.png?ex=67835736&is=678205b6&hm=9e0154e782c6b208a33b9aa867ee307c99e673d25f11a5dfc14ef510d03d2cf6&,415845,https://cdn.discordapp.com/attachments/1240308217976983685/1244889521145909269/Screen_Shot_2024-05-28_at_1.46.27_AM.png?ex=67835736&is=678205b6&hm=9e0154e782c6b208a33b9aa867ee307c99e673d25f11a5dfc14ef510d03d2cf6&,540,,,,,,,0000,0,,456226577798135808,,0,Deleted User,,,,,1240308217976983685,,,2024-05-28T05:46:30.822Z,,,,,,,,,,,,,,,,,,,,,,,,,,0,,,false,,,,,,,,,,,,,,,,,false,,,,,,,,,2024-05-28T05:46:30.822000+00:00,false,0,Deleted User,
1244889106585223228,,,,,,,,,,,,,,,,,,,,,0000,0,,456226577798135808,,0,Deleted User,,,,,1240308217976983685,,https://youtube.com/shorts/DlKeeLeMqjE?si=BsRi1fd-0lqIajEd,2024-05-28T05:44:51.931Z,,,KARTHIK,https://www.youtube.com/channel/UCphjKue_RQOvlsM7f-aiTeQ,16711680,"Tags : #tomodachigame #yuuichi #katagiri #mangaedit #amv #edit #anime  #animeedits #animememes
#animeedit #animeamv #animeamvs #animeamvedits #animeamvedit #amvedit #amvedits #xenoz #retuurn #jaykar #neptun",YouTube,https://www.youtube.com,0,720,FQgWBIAGKcd4h3iJdocAAAAAAA==,1,https://images-ext-1.discordapp.net/external/YTTEoJANk9iAlxTDVtRE0nyBOiolu7wtfpPNteGG4lc/https/i.ytimg.com/vi/DlKeeLeMqjE/maxresdefault.jpg,https://i.ytimg.com/vi/DlKeeLeMqjE/maxresdefault.jpg,1280,Katagiri Yuuichiüëëüî•| Manga Edit - Tomodachi Game....,video,https://www.youtube.com/watch?v=DlKeeLeMqjE,0,720,FQgWBIAGKcd4h3iJdocAAAAAAA==,1,,https://www.youtube.com/embed/DlKeeLeMqjE,720,0,,,false,,,,,,,,,,,,,,,,,false,,,,,,,,,2024-05-28T05:44:51.931000+00:00,false,0,Deleted User,
1244888749528191058,,,,,,,,,,,,,,,,,,,,,0000,0,,456226577798135808,,0,Deleted User,,,,,1240308217976983685,,devil,2024-05-28T05:43:26.802Z,,,,,,,,,,,,,,,,,,,,,,,,,,0,,,false,,,,,,,,,,,,,,,,,false,,,,,,,,,2024-05-28T05:43:26.802000+00:00,false,0,Deleted User,
1244888743391924244,,,,,,,,,,,,,,,,,,,,,0000,0,,456226577798135808,,0,Deleted User,,,,,1240308217976983685,,https://youtube.com/shorts/g3hcDo3NxVI?si=QrTgyBeSRjDiuWIx,2024-05-28T05:43:25.339Z,,,PrimeKoji,https://www.youtube.com/channel/UCsYsmPeNJd01fI2MQiGCqNA,16711680,,YouTube,https://www.youtube.com,0,720,BxgODIQGu3WHaIl1iodZeIBxBw==,1,https://images-ext-1.discordapp.net/external/5WcmWLYj-XrlK8hcuXccw7d3aG-n4WzWeOSee4gv7Ys/https/i.ytimg.com/vi/g3hcDo3NxVI/maxresdefault.jpg,https://i.ytimg.com/vi/g3hcDo3NxVI/maxresdefault.jpg,1280,Yuuichi Katagiri Edit | Tomodachi Game | #manga #anime,video,https://www.youtube.com/watch?v=g3hcDo3NxVI,0,720,BxgODIQGu3WHaIl1iodZeIBxBw==,1,,https://www.youtube.com/embed/g3hcDo3NxVI,576,0,,,false,,,,,,,,,,,,,,,,,false,,,,,,,,,2024-05-28T05:43:25.339000+00:00,false,0,Deleted User,
1244888319402315829,,,,,,,,,,,,,,,,,,,,,0000,0,,456226577798135808,,0,Deleted User,,,,,1240308217976983685,,https://youtube.com/shorts/gnE6zH265tA?si=F_tTlIX-pPJYPmn1,2024-05-28T05:41:44.252Z,,,ùï∂ùñäùñìùñì993ùñäùñâùñéùñôùñò,https://www.youtube.com/channel/UCoYGuL0M6Fs0gThK8-ezAzA,16711680,,YouTube,https://www.youtube.com,0,720,zQcSBIAId4h6h3V5h4racIIDdw==,1,https://images-ext-1.discordapp.net/external/vKFgyKHtybSRdZcUwde3QbhPQ1GHcxUWBkC0pfT2dxM/https/i.ytimg.com/vi/gnE6zH265tA/maxresdefault.jpg,https://i.ytimg.com/vi/gnE6zH265tA/maxresdefault.jpg,1280,Yuuichi - Beat Malvado 1.0 [ AMV/Edit ] | Tomodachi Game Yuuichi Ka...,video,https://www.youtube.com/watch?v=gnE6zH265tA,0,720,zQcSBIAId4h6h3V5h4racIIDdw==,1,,https://www.youtube.com/embed/gnE6zH265tA,720,0,,,false,,,,,,,,,,,,,,,,,false,,,,,,,,,2024-05-28T05:41:44.252000+00:00,false,0,Deleted User,
1244888246526152774,,,,,,,,,,,,,,,,,,,,,0000,0,,456226577798135808,,0,Deleted User,,,,,1240308217976983685,,https://youtube.com/shorts/0naXoIOcwJc?si=IcFPGKZhD9jq9C2H,2024-05-28T05:41:26.877Z,,,Chion,https://www.youtube.com/channel/UCzfRcpwqE0rjP_D4pPdD6jg,16711680,#yuuichi #animeedit #phonkedits #anime #edit #manipulation #whoisstrongest #wis #egoist #tiktok #tomodachigame #tg #takuya #yuuichikatagiri #yagamilightedit #yagamilight #iq #op #onepunchman #scale #sigma #shake #deathnote #dazai #glowup #garou #goku #holmes #highlights #johanliebert #johan #johanliebertedit #kiyotaka #karmaakabane #kakegurui #y...,YouTube,https://www.youtube.com,0,720,xvcJDIIHmZd6hnh2mXi2X2z8tQ==,1,https://images-ext-1.discordapp.net/external/ZJfF1ljRYGhjrjJU7m9YqkWsZojNbUgj2eamckNtMa8/https/i.ytimg.com/vi/0naXoIOcwJc/maxresdefault.jpg,https://i.ytimg.com/vi/0naXoIOcwJc/maxresdefault.jpg,1280,Yuuichi Katagiri Animation Edit | Tomodachi Game Manga Edit | DNA A...,video,https://www.youtube.com/watch?v=0naXoIOcwJc,0,720,xvcJDIIHmZd6hnh2mXi2X2z8tQ==,1,,https://www.youtube.com/embed/0naXoIOcwJc,576,0,,,false,,,,,,,,,,,,,,,,,false,,,,,,,,,2024-05-28T05:41:26.877000+00:00,false,0,Deleted User,
1244887859459002390,,,,,,,,,,,,,,,,,,,,,0000,0,,456226577798135808,,0,Deleted User,,,,,1240308217976983685,,https://tenor.com/view/yuuichi-tomodachi-game-yuuichi-katagiri-gif-11525529226853754326,2024-05-28T05:39:54.593Z,,,,,,,Tenor,https://tenor.co,0,480,5vcVBQCGeXB3J4h4eHiHd9afhPio,1,https://images-ext-1.discordapp.net/external/XSL0BK0V6xHOAQA17OHecSwUO82dEt346c0EmBcBqjU/https/media.tenor.com/n_LnxFcAJdYAAAAe/yuuichi-tomodachi-game.png,https://media.tenor.com/n_LnxFcAJdYAAAAe/yuuichi-tomodachi-game.png,320,,gifv,https://tenor.com/view/yuuichi-tomodachi-game-yuuichi-katagiri-gif-11525529226853754326,0,480,5vcVBQCGeXB3J4h4eHiHd9afhPio,1,https://images-ext-1.discordapp.net/external/WyTUtZkBC_1FpgQi3rfi-Wefhc6d488wrt0Krn0aJhE/https/media.tenor.com/n_LnxFcAJdYAAAPo/yuuichi-tomodachi-game.mp4,https://media.tenor.com/n_LnxFcAJdYAAAPo/yuuichi-tomodachi-game.mp4,320,0,,,false,,,,,,,,,,,,,,,,,false,,,,,,,,,2024-05-28T05:39:54.593000+00:00,false,0,Deleted User,
1244881604716007465,,,,,,,,,,,,,,,,,,,,,0000,0,,456226577798135808,,0,Deleted User,,,,,1240308217976983685,,cooked,2024-05-28T05:15:03.346Z,,,,,,,,,,,,,,,,,,,,,,,,,,0,,,false,,,,,,,,,,,,,,,,,false,,,,,,,,,2024-05-28T05:15:03.346000+00:00,false,0,Deleted User,
1244881600634687499,,,,,,,,,,,,,,,,,,,,,0000,0,,456226577798135808,,0,Deleted User,,,,,1240308217976983685,,is my cock,2024-05-28T05:15:02.373Z,,,,,,,,,,,,,,,,,,,,,,,,,,0,,,false,,,,,,,,,,,,,,,,,false,,,,,,,,,2024-05-28T05:15:02.373000+00:00,false,0,Deleted User,
1244881589150941266,,,,,,,,,,,,,,,,,,,,,0000,0,,456226577798135808,,0,Deleted User,,,,,1240308217976983685,,but,2024-05-28T05:14:59.635Z,,,,,,,,,,,,,,,,,,,,,,,,,,0,,,false,,,,,,,,,,,,,,,,,false,,,,,,,,,2024-05-28T05:14:59.635000+00:00,false,0,Deleted User,
1244881586038505503,,,,,,,,,,,,,,,,,,,,,0000,0,,456226577798135808,,0,Deleted User,,,,,1240308217976983685,,nice,2024-05-28T05:14:58.893Z,,,,,,,,,,,,,,,,,,,,,,,,,,0,,,false,,,,,,,,,,,,,,,,,false,,,,,,,,,2024-05-28T05:14:58.893000+00:00,false,0,Deleted User,
1244881490223960074,,,,,,,,,,,,,,,,,,,,,0000,0,,456226577798135808,,0,Deleted User,,2024-05-28T09:24:18.387000+00:00,304067645416931328,594616562187501588,1240308217976983685,,,2024-05-28T05:14:36.049Z,,,,,,,,,,,,,,,,,,,,,,,,,,0,,,false,,,a8d9a23b96fe4c81bf21ca7fed8d15b1,,,,,0,4194368,SSJBel,304067645416931328,,4194368,strongvstrong,,,false,,,,,,,,,2024-05-28T05:14:36.049000+00:00,false,3,Deleted User,
1244881168617177212,,,,,,,,,,,,,,,,,,,,,0000,0,,456226577798135808,,0,Deleted User,,,,,1240308217976983685,,summons,2024-05-28T05:13:19.372Z,,,,,,,,,,,,,,,,,,,,,,,,,,0,,,false,,,,,,,,,,,,,,,,,false,,,,,,,,,2024-05-28T05:13:19.372000+00:00,false,0,Deleted User,
1244881163261186089,,,,,,,,,,,,,,,,,,,,,0000,0,,456226577798135808,,0,Deleted User,,,,,1240308217976983685,,wcreen share,2024-05-28T05:13:18.095Z,,,,,,,,,,,,,,,,,,,,,,,,,,0,,,false,,,,,,,,,,,,,,,,,false,,,,,,,,,2024-05-28T05:13:18.095000+00:00,false,0,Deleted User,
1240337823391813772,,,,,,,,,,,,,,,,,,,,,0000,0,,456226577798135808,,0,Deleted User,,2024-05-15T16:20:22.713000+00:00,594616562187501588,,1240308217976983685,,,2024-05-15T16:19:41.459Z,,,,,,,,,,,,,,,,,,,,,,,,,,0,,,false,,,a8d9a23b96fe4c81bf21ca7fed8d15b1,,,,,0,4194368,SSJBel,304067645416931328,,4194368,strongvstrong,,,false,,,,,,,,,2024-05-15T16:19:41.459000+00:00,false,3,Deleted User,
1240337682559668378,,,,,,,,,,,,,,,,,,,,,0000,0,,456226577798135808,,0,Deleted User,,2024-05-15T16:19:40.041000+00:00,594616562187501588,,1240308217976983685,,,2024-05-15T16:19:07.882Z,,,,,,,,,,,,,,,,,,,,,,,,,,0,,,false,,,a8d9a23b96fe4c81bf21ca7fed8d15b1,,,,,0,4194368,SSJBel,304067645416931328,,4194368,strongvstrong,,,false,,,,,,,,,2024-05-15T16:19:07.882000+00:00,false,3,Deleted User,
1240310253820837978,,,,,,,,,,,,,,,,,,,,,0000,0,,456226577798135808,,0,Deleted User,,,,,1240308217976983685,,no I didnt,2024-05-15T14:30:08.361Z,,,,,,,,,,,,,,,,,,,,,,,,,,0,,,false,,,,,,,,,,,,,,,,,false,,,,,,,,,2024-05-15T14:30:08.361000+00:00,false,0,Deleted User,
1240310214453100634,,,,,,,,,,,,,,,,,,,,,0000,0,,456226577798135808,,0,Deleted User,,,,,1240308217976983685,,i dont want to swit h,2024-05-15T14:29:58.975Z,,,,,,,,,,,,,,,,,,,,,,,,,,0,,,false,,,,,,,,,,,,,,,,,false,,,,,,,,,2024-05-15T14:29:58.975000+00:00,false,0,Deleted User,
1240310198720270387,,,,,,,,,,,,,,,,,,,,,0000,0,,456226577798135808,,0,Deleted User,,,,,1240308217976983685,,Bro im on my phone,2024-05-15T14:29:55.224Z,,,,,,,,,,,,,,,,,,,,,,,,,,0,,,false,,,,,,,,,,,,,,,,,false,,,,,,,,,2024-05-15T14:29:55.224000+00:00,false,0,Deleted User,
1240310125789581323,,,,,,,,,,,,,,,,,,,,,0000,0,,456226577798135808,,0,Deleted User,,,,,1240308217976983685,,you have to do it,2024-05-15T14:29:37.836Z,,,,,,,,,,,,,,,,,,,,,,,,,,0,,,false,,,,,,,,,,,,,,,,,false,,,,,,,,,2024-05-15T14:29:37.836000+00:00,false,0,Deleted User,
1240310109465346059,,,,,,,,,,,,,,,,,,,,,0000,0,,456226577798135808,,0,Deleted User,,,,,1240308217976983685,,no nigga,2024-05-15T14:29:33.944Z,,,,,,,,,,,,,,,,,,,,,,,,,,0,,,false,,,,,,,,,,,,,,,,,false,,,,,,,,,2024-05-15T14:29:33.944000+00:00,false,0,Deleted User,
1240309968494657558,,,,,,,,,,,,,,,,,,,,,0000,0,,456226577798135808,,0,Deleted User,,,,,1240308217976983685,,Hurry up,2024-05-15T14:29:00.334Z,,,,,,,,,,,,,,,,,,,,,,,,,,0,,,false,,,,,,,,,,,,,,,,,false,,,,,,,,,2024-05-15T14:29:00.334000+00:00,false,0,Deleted User,
1240309913406935040,,,,,,,,,,,,,,,,,,,,,0000,0,,456226577798135808,,0,Deleted User,,,,,1240308217976983685,,send,2024-05-15T14:28:47.200Z,,,,,,,,,,,,,,,,,,,,,,,,,,0,,,false,,,,,,,,,,,,,,,,,false,,,,,,,,,2024-05-15T14:28:47.200000+00:00,false,0,Deleted User,
1240309906859626548,,,,,,,,,,,,,,,,,,,,,0000,0,,456226577798135808,,0,Deleted User,,,,,1240308217976983685,,no,2024-05-15T14:28:45.639Z,,,,,,,,,,,,,,,,,,,,,,,,,,0,,,false,,,,,,,,,,,,,,,,,false,,,,,,,,,2024-05-15T14:28:45.639000+00:00,false,0,Deleted User,
1240309902266859731,,,,,,,,,,,,,,,,,,,,,0000,0,,456226577798135808,,0,Deleted User,,,,,1240308217976983685,,no,2024-05-15T14:28:44.544Z,,,,,,,,,,,,,,,,,,,,,,,,,,0,,,false,,,,,,,,,,,,,,,,,false,,,,,,,,,2024-05-15T14:28:44.544000+00:00,false,0,Deleted User,
1240309897657192528,,,,,,,,,,,,,,,,,,,,,0000,0,,456226577798135808,,0,Deleted User,,,,,1240308217976983685,,no,2024-05-15T14:28:43.445Z,,,,,,,,,,,,,,,,,,,,,,,,,,0,,,false,,,,,,,,,,,,,,,,,false,,,,,,,,,2024-05-15T14:28:43.445000+00:00,false,0,Deleted User,
1240309880405884969,,,,,,,,,,,,,,,,,,,,,0000,0,,456226577798135808,,0,Deleted User,,,,,1240308217976983685,,now send,2024-05-15T14:28:39.332Z,,,,,,,,,,,,,,,,,,,,,,,,,,0,,,false,,,,,,,,,,,,,,,,,false,,,,,,,,,2024-05-15T14:28:39.332000+00:00,false,0,Deleted User,
1240309869349965964,,,,,,,,,,,,,,,,,,,,,0000,0,,456226577798135808,,0,Deleted User,,,,,1240308217976983685,,stfu nigger,2024-05-15T14:28:36.696Z,,,,,,,,,,,,,,,,,,,,,,,,,,0,,,false,,,,,,,,,,,,,,,,,false,,,,,,,,,2024-05-15T14:28:36.696000+00:00,false,0,Deleted User,
1240309857358188675,,,,,,,,,,,,,,,,,,,,,0000,0,,456226577798135808,,0,Deleted User,,,,,1240308217976983685,,too much,2024-05-15T14:28:33.837Z,,,,,,,,,,,,,,,,,,,,,,,,,,0,,,false,,,,,,,,,,,,,,,,,false,,,,,,,,,2024-05-15T14:28:33.837000+00:00,false,0,Deleted User,
1240309849758109788,,,,,,,,,,,,,,,,,,,,,0000,0,,456226577798135808,,0,Deleted User,,,,,1240308217976983685,,I have to switch,2024-05-15T14:28:32.025Z,,,,,,,,,,,,,,,,,,,,,,,,,,0,,,false,,,,,,,,,,,,,,,,,false,,,,,,,,,2024-05-15T14:28:32.025000+00:00,false,0,Deleted User,
1240309834671194112,,,,,,,,,,,,,,,,,,,,,0000,0,,456226577798135808,,0,Deleted User,,,,,1240308217976983685,,No,2024-05-15T14:28:28.428Z,,,,,,,,,,,,,,,,,,,,,,,,,,0,,,false,,,,,,,,,,,,,,,,,false,,,,,,,,,2024-05-15T14:28:28.428000+00:00,false,0,Deleted User,
1240309830040817666,,,,,,,,,,,,,,,,,,,,,0000,0,,456226577798135808,,0,Deleted User,,,,,1240308217976983685,,Im already on this account,2024-05-15T14:28:27.324Z,,,,,,,,,,,,,,,,,,,,,,,,,,0,,,false,,,,,,,,,,,,,,,,,false,,,,,,,,,2024-05-15T14:28:27.324000+00:00,false,0,Deleted User,
1240309782254977123,,,,,,,,,,,,,,,,,,,,,0000,0,,456226577798135808,,0,Deleted User,,,,,1240308217976983685,,now,2024-05-15T14:28:15.931Z,,,,,,,,,,,,,,,,,,,,,,,,,,0,,,false,,,,,,,,,,,,,,,,,false,,,,,,,,,2024-05-15T14:28:15.931000+00:00,false,0,Deleted User,
1240309778648141975,,,,,,,,,,,,,,,,,,,,,0000,0,,456226577798135808,,0,Deleted User,,,,,1240308217976983685,,now,2024-05-15T14:28:15.071Z,,,,,,,,,,,,,,,,,,,,,,,,,,0,,,false,,,,,,,,,,,,,,,,,false,,,,,,,,,2024-05-15T14:28:15.071000+00:00,false,0,Deleted User,
1240309776685203577,,,,,,,,,,,,,,,,,,,,,0000,0,,456226577798135808,,0,Deleted User,,,,,1240308217976983685,,send,2024-05-15T14:28:14.603Z,,,,,,,,,,,,,,,,,,,,,,,,,,0,,,false,,,,,,,,,,,,,,,,,false,,,,,,,,,2024-05-15T14:28:14.603000+00:00,false,0,Deleted User,